date,temperature,humidity,rainfall,disease_cases
2023-11-17 02:51:39.093638,27.993428306022466,81.58582799328661,245.84632048048678,51
2023-11-18 02:51:39.093638,26.809656228178575,75.89598766732664,213.25619615767954,63
2023-11-19 02:51:39.093638,28.46772112870739,83.00715972252058,243.66987968132386,89
2023-11-20 02:51:39.093638,30.30451177784452,72.62776395901594,224.35070207642934,51
2023-11-21 02:51:39.093638,26.876176532931115,86.45793591573917,232.34667672638477,68
2023-11-22 02:51:39.093638,26.962138227763557,83.84325965127171,267.2861539688544,61
2023-11-23 02:51:39.093638,30.67463874141779,82.92512422934398,299.56275537120234,83
2023-11-24 02:51:39.093638,29.136730152429777,86.71967366541028,261.11302981546334,73
2023-11-25 02:51:39.093638,26.748380672053855,90.29132611423735,213.1741582842423,59
2023-11-26 02:51:39.093638,28.857714051211133,87.18998445294632,262.13706499428514,78
2023-11-27 02:51:39.093638,26.93079353376598,73.06434248446249,284.41690770584955,82
2023-11-28 02:51:39.093638,27.010949535970706,76.01776285558647,229.9141809935589,59
2023-11-29 02:51:39.093638,28.51083368718398,79.43479972455097,243.8476771969969,74
2023-11-30 02:51:39.093638,24.284543624953738,82.82886110037717,247.9402820406921,47
2023-12-01 02:51:39.093638,24.745133271458823,85.42244104621591,223.5551602464818,50
2023-12-02 02:51:39.093638,27.153903633036574,79.33735349776103,266.12414365198197,71
2023-12-03 02:51:39.093638,26.335946325024235,84.02798033065685,242.5921814258902,79
2023-12-04 02:51:39.093638,29.072828523397916,79.44141506107209,258.32290392611606,73
2023-12-05 02:51:39.093638,26.710581837433143,80.28099629308184,218.60002319977855,58
2023-12-06 02:51:39.093638,25.78386510076043,76.42157204748695,231.56060282460314,58
2023-12-07 02:51:39.093638,31.62113462263518,78.95100560884524,265.78722182782826,62
2023-12-08 02:51:39.093638,28.319146955314867,76.91701183639775,232.33425068946596,70
2023-12-09 02:51:39.093638,28.986092300218107,78.9002681733385,294.70383710069973,81
2023-12-10 02:51:39.093638,26.0813258452855,89.14794858232831,230.25390996745747,61
2023-12-11 02:51:39.093638,27.921269380532003,79.22872615875721,248.30420265145716,61
2023-12-12 02:51:39.093638,29.310495369026654,97.22945925397303,268.8348444030582,82
2023-12-13 02:51:39.093638,26.86465778356075,86.62178679888447,197.57260919003912,58
2023-12-14 02:51:39.093638,29.995391937693654,85.16282027206988,186.53899967291795,66
2023-12-15 02:51:39.093638,28.11940271387627,80.02606231257502,192.80670448958656,82
2023-12-16 02:51:39.093638,28.813287231390323,87.89435783464913,275.6407277705962,72
2023-12-17 02:51:39.093638,28.26854400766044,81.58529992235562,220.36819350589138,61
2023-12-18 02:51:39.093638,33.251061597087364,85.1399211328389,312.80482151698646,79
2023-12-19 02:51:39.093638,29.59330211852758,97.3923604224316,218.24074895092812,83
2023-12-20 02:51:39.093638,27.577887468014136,84.16936812746005,239.78874351782608,65
2023-12-21 02:51:39.093638,31.410611631392204,90.44941122245092,279.5744962253228,75
2023-12-22 02:51:39.093638,27.39522525498019,81.23617064010756,292.5282228406543,83
2023-12-23 02:51:39.093638,30.325187546449644,84.6217351356943,293.2003143253887,92
2023-12-24 02:51:39.093638,26.05780400175384,93.69090897692655,266.5917912891456,65
2023-12-25 02:51:39.093638,27.389571430816503,81.73789015529559,260.0244054199948,48
2023-12-26 02:51:39.093638,30.507560222799494,93.96636867134703,246.01649983306748,88
2023-12-27 02:51:39.093638,31.657739903093134,88.46985745723909,250.50643729989062,71
2023-12-28 02:51:39.093638,30.589567168280176,82.14129924626401,209.51202154658273,77
2023-12-29 02:51:39.093638,30.080593156673256,88.13376391791931,200.37101814822438,50
2023-12-30 02:51:39.093638,29.77375736722721,89.84814094301791,223.66288207933246,81
2023-12-31 02:51:39.093638,27.481992697092757,88.10360929959484,217.48379037076262,54
2024-01-01 02:51:39.093638,29.061398322046426,77.14817127315611,207.79613197597163,70
2024-01-02 02:51:39.093638,29.64081896226151,81.36388756100982,241.0670279324063,70
2024-01-03 02:51:39.093638,32.73629229816011,83.75780193055645,247.59614024480842,68
2024-01-04 02:51:39.093638,31.3681595289501,84.61459397317654,220.33028645968164,69
2024-01-05 02:51:39.093638,27.212624011869984,88.07703452443707,260.72496865462847,77
2024-01-06 02:51:39.093638,31.443542733986284,85.84464275563204,180.84964965963448,70
2024-01-07 02:51:39.093638,30.080752967999267,78.25743567861807,207.97245257667907,71
2024-01-08 02:51:39.093638,29.55147201919495,86.80872898643364,190.94052806897537,87
2024-01-09 02:51:39.093638,32.18190668210376,87.92982110472796,155.09350584849648,54
2024-01-10 02:51:39.093638,33.07261500876712,87.64057681836937,207.23543859499765,92
2024-01-11 02:51:39.093638,32.92404636669448,90.20585043969308,204.6719450522092,78
2024-01-12 02:51:39.093638,29.432714436727263,88.9274816403269,252.31904351838514,65
2024-01-13 02:51:39.093638,30.54116651947963,87.00531023835251,224.41417106872302,59
2024-01-14 02:51:39.093638,31.869323961543564,84.30574957798086,173.32199714129914,67
2024-01-15 02:51:39.093638,33.20384319357339,76.29458677734686,258.2121007621805,85
2024-01-16 02:51:39.093638,30.339096662176143,86.68595785900278,237.74643040634794,72
2024-01-17 02:51:39.093638,30.969542461403293,85.51046080746951,217.08925822917243,87
2024-01-18 02:51:39.093638,29.17031592170777,85.7597720205241,191.327966021823,51
2024-01-19 02:51:39.093638,29.03139573772195,77.9437111153203,167.8211748685495,59
2024-01-20 02:51:39.093638,33.088369278030115,78.8434902631696,183.9061638835432,57
2024-01-21 02:51:39.093638,34.21398012953197,89.43162239247233,226.18944837112272,85
2024-01-22 02:51:39.093638,31.394324714826574,83.88095834383611,248.5062681770812,84
2024-01-23 02:51:39.093638,33.58090713790878,87.39493030160855,236.69520369976507,76
2024-01-24 02:51:39.093638,32.331250727677364,84.03355524193906,174.149630418249,44
2024-01-25 02:51:39.093638,30.350507311749436,83.94115281576225,153.6322719619567,66
2024-01-26 02:51:39.093638,32.394927246709656,88.38010170766697,189.84200465313305,78
2024-01-27 02:51:39.093638,34.77821012787686,81.00070220847971,130.9462759744855,73
2024-01-28 02:51:39.093638,31.65908870615885,83.94973753666024,192.06842563137553,82
2024-01-29 02:51:39.093638,34.887226216433284,81.04196285881076,176.30963461048927,63
2024-01-30 02:51:39.093638,26.544233066529486,81.06109607010944,165.11180188466756,62
2024-01-31 02:51:39.093638,33.45189124139969,81.56402233493614,129.59834514392628,78
2024-02-01 02:51:39.093638,32.00511467601314,84.0929621494309,191.18582736107854,53
2024-02-02 02:51:39.093638,31.25450467985295,80.4571030272659,158.1275264805273,67
2024-02-03 02:51:39.093638,32.05609792140415,88.99436117066992,137.33461060921815,63
2024-02-04 02:51:39.093638,27.91604771334595,78.10350019397366,84.58114792389385,48
2024-02-05 02:51:39.093638,31.46899759831508,81.49939771638395,168.23430055275983,69
2024-02-06 02:51:39.093638,32.63826390808453,80.088625372964,220.53236566678535,68
2024-02-07 02:51:39.093638,34.894061140998126,89.37204383121308,215.50250456915217,75
2024-02-08 02:51:39.093638,30.91449956729924,82.96619566285291,150.24709626101702,64
2024-02-09 02:51:39.093638,30.345348622759673,86.98535115358587,144.18472997279113,53
2024-02-10 02:51:39.093638,30.968643082058865,74.23751930946584,174.60178706188583,51
2024-02-11 02:51:39.093638,33.81130534303158,82.83629904634864,128.8713324243685,74
2024-02-12 02:51:39.093638,32.64486738378714,85.78151087282065,166.15836722325702,59
2024-02-13 02:51:39.093638,30.93322689266286,81.57371848095582,178.36662217999208,73
2024-02-14 02:51:39.093638,33.02318078182035,86.31532533939311,190.47021430599114,78
2024-02-15 02:51:39.093638,32.19321495093859,78.22384124561385,148.93451088278385,47
2024-02-16 02:51:39.093638,33.93727837394408,87.67616861471947,144.10526007511623,65
2024-02-17 02:51:39.093638,30.59532507384432,91.93991157268684,122.15227035651029,77
2024-02-18 02:51:39.093638,31.34206433075239,78.44411399227565,121.96206087137315,50
2024-02-19 02:51:39.093638,31.209644780599977,77.84063192461736,138.2517884693433,56
2024-02-20 02:51:39.093638,29.061819802238873,87.14191305549873,154.34627612572191,67
2024-02-21 02:51:39.093638,32.574596502052785,87.57676333078129,169.01398868730683,79
2024-02-22 02:51:39.093638,32.49649230900667,76.86563845714969,115.7947143770916,58
2024-02-23 02:51:39.093638,31.975156431367356,77.1772236759812,182.9573769744343,60
2024-02-24 02:51:39.093638,31.484827750073933,77.66469701962059,128.33316199370984,74
2024-02-25 02:51:39.093638,29.110861023715316,72.14413372045622,134.1200224814322,71
2024-02-26 02:51:39.093638,31.08644402985649,74.0632582405797,110.64339025344805,66
2024-02-27 02:51:39.093638,31.226973607103275,73.42337368151544,58.636265680893544,51
2024-02-28 02:51:39.093638,30.291056419367116,74.39014020044306,156.19410580677373,51
2024-02-29 02:51:39.093638,31.554793194413584,77.83830893716275,150.09337119629183,54
2024-03-01 02:51:39.093638,32.66577075521921,78.9630318179329,117.8700784586417,67
2024-03-02 02:51:39.093638,35.60890188401146,85.3223701364207,126.64851673565461,76
2024-03-03 02:51:39.093638,32.163109644536505,72.35375771257453,138.45339750018044,74
2024-03-04 02:51:39.093638,32.305048343022975,82.04061753859753,74.44330102229468,65
2024-03-05 02:51:39.093638,31.61562601133236,75.820423648802,103.80107409827842,42
2024-03-06 02:51:39.093638,27.900129988197815,76.41236427542373,141.86258381513525,64
2024-03-07 02:51:39.093638,31.656391515189654,79.8011164129347,78.77744776776831,47
2024-03-08 02:51:39.093638,31.800227199625905,70.57883527996184,123.59433738108028,53
2024-03-09 02:51:39.093638,36.57520799552745,77.86808056165417,72.48207706982544,67
2024-03-10 02:51:39.093638,31.231577532931706,76.55010956880821,125.57530312665405,79
2024-03-11 02:51:39.093638,32.18559817462145,77.94022257145421,108.92744684513123,91
2024-03-12 02:51:39.093638,31.477922355495963,76.68229949872223,59.96891088333615,59
2024-03-13 02:51:39.093638,29.173481048666126,87.26989107168963,141.80357406558983,60
2024-03-14 02:51:39.093638,33.75863365401682,71.56014083241888,83.27499219230909,62
2024-03-15 02:51:39.093638,32.93767590981952,71.84789531306367,79.46979060259756,64
2024-03-16 02:51:39.093638,32.97537811758039,71.1398788267435,108.2727982131334,55
2024-03-17 02:51:39.093638,29.532738285211558,71.22963275135406,135.20738786167348,72
2024-03-18 02:51:39.093638,34.11400780079009,70.57032897322253,68.7807923092245,58
2024-03-19 02:51:39.093638,28.460342855003855,79.45147711279934,99.62809986026532,57
2024-03-20 02:51:39.093638,32.39211797254379,80.35700367194502,109.17997393660794,68
2024-03-21 02:51:39.093638,35.55242040520235,70.1478719171082,115.66237326052644,67
2024-03-22 02:51:39.093638,29.142302370284156,68.58605459255375,98.73255910966292,56
2024-03-23 02:51:39.093638,29.941420228966265,74.85032283482879,81.0153908515723,45
2024-03-24 02:51:39.093638,31.22274855302532,69.47680159576349,65.80265901888643,44
2024-03-25 02:51:39.093638,29.96472914242842,75.14658270664111,91.83646254464288,41
2024-03-26 02:51:39.093638,27.817408090779534,72.73995662379681,55.727806426591336,47
2024-03-27 02:51:39.093638,31.00175101117936,63.88952618675294,1.0902525137722705,47
2024-03-28 02:51:39.093638,28.68475942712162,78.94824174297975,98.32419446322416,57
2024-03-29 02:51:39.093638,31.700161612353103,79.93221333028893,111.04183012962335,77
2024-03-30 02:51:39.093638,28.856623038103933,67.63070762315601,11.751829950309997,38
2024-03-31 02:51:39.093638,33.736737017900325,68.49776298146675,51.083915071828535,59
2024-04-01 02:51:39.093638,29.0106776833868,71.6070878089896,98.70688788574601,38
2024-04-02 02:51:39.093638,29.872314388934083,71.5914820605339,140.63430814539853,51
2024-04-03 02:51:39.093638,32.08168015248177,72.95338073827193,78.33156278028295,61
2024-04-04 02:51:39.093638,27.93009888486473,79.45324416304987,54.687451371625144,55
2024-04-05 02:51:39.093638,30.78292135601473,68.25922504702547,69.88226567869896,45
2024-04-06 02:51:39.093638,32.87747209848113,64.89446903623679,115.47924623003377,55
2024-04-07 02:51:39.093638,26.982435616718696,61.73168421505499,53.74033607242682,21
2024-04-08 02:51:39.093638,30.499935238529126,64.71636283763314,48.052653001076266,40
2024-04-09 02:51:39.093638,30.58276831446286,67.94859488434858,56.478427382663085,55
2024-04-10 02:51:39.093638,31.558073548484195,76.8307961061622,41.31667998624191,57
2024-04-11 02:51:39.093638,27.45106171261319,65.01436379455691,72.5762485049674,45
2024-04-12 02:51:39.093638,27.213716128506736,68.46648595411847,116.64019237196499,46
2024-04-13 02:51:39.093638,30.827330495713937,67.0113457588006,76.62031124154197,48
2024-04-14 02:51:39.093638,30.305407660916114,72.78220428454856,58.410106039115966,42
2024-04-15 02:51:39.093638,30.13960930169016,79.22261660095646,56.304116167803954,58
2024-04-16 02:51:39.093638,30.25792127892528,63.68234099966341,17.265712219119933,44
2024-04-17 02:51:39.093638,28.130614516858806,63.639306543760064,89.78321768700346,47
2024-04-18 02:51:39.093638,29.880070390805198,71.05828987077393,60.10906095940685,42
2024-04-19 02:51:39.093638,29.92588923106117,68.99916149169078,56.21004786515337,24
2024-04-20 02:51:39.093638,27.834527516303414,74.5767696839801,156.6242001881858,65
2024-04-21 02:51:39.093638,32.917592957422514,68.01778668245554,69.02658352906128,47
2024-04-22 02:51:39.093638,30.055873809409647,63.05805451523386,36.77001104149822,32
2024-04-23 02:51:39.093638,26.647138583105935,67.56568724004332,45.81970402080987,44
2024-04-24 02:51:39.093638,30.263787296104134,69.91542994793859,92.37764759146881,46
2024-04-25 02:51:39.093638,26.92167162423986,68.23549421177732,60.66359196714824,50
2024-04-26 02:51:39.093638,30.365003107927006,66.43236798881243,13.48589831539747,47
2024-04-27 02:51:39.093638,31.02729187464315,68.99409952183528,83.60760595866526,57
2024-04-28 02:51:39.093638,26.987494765210247,69.2738158873509,35.410837175257775,24
2024-04-29 02:51:39.093638,30.473886354430686,70.10669771996427,111.10660743596448,65
2024-04-30 02:51:39.093638,29.2905109360412,66.21003876830622,86.7898857940515,48
2024-05-01 02:51:39.093638,30.02644910063118,61.90357539705988,40.47796617272773,37
2024-05-02 02:51:39.093638,32.09288370606124,63.24756814759585,91.86584850119442,52
2024-05-03 02:51:39.093638,27.72510440192997,68.32360281799558,55.03745031364777,23
2024-05-04 02:51:39.093638,26.62462991762243,57.985728497588774,78.18024417185202,40
2024-05-05 02:51:39.093638,26.268958612204692,63.69547842419771,66.76320919479613,26
2024-05-06 02:51:39.093638,26.33194073280957,59.66954386883431,26.48376928753532,17
2024-05-07 02:51:39.093638,27.72464540733913,61.56657326283443,32.25037476585221,20
2024-05-08 02:51:39.093638,28.476179162417573,67.60426825122876,82.16734596760226,56
2024-05-09 02:51:39.093638,28.26204730989214,61.959275288687536,40.966249766831076,31
2024-05-10 02:51:39.093638,29.277612138314275,61.03040679226433,38.670457669159156,54
2024-05-11 02:51:39.093638,27.563644164869487,53.79612161984581,21.92611779052916,24
2024-05-12 02:51:39.093638,30.358943524485973,64.12664286395812,63.11719197320289,28
2024-05-13 02:51:39.093638,26.83666242473209,63.425622519542465,112.14398433074564,31
2024-05-14 02:51:39.093638,32.7203064010914,70.8202142684564,18.130899878607046,61
2024-05-15 02:51:39.093638,28.445211551814097,58.273758695078094,50.80178844975974,35
2024-05-16 02:51:39.093638,25.393412924209635,60.720137745099265,92.38983001669187,30
2024-05-17 02:51:39.093638,24.879762211899966,60.68612372105921,47.61168683128684,32
2024-05-18 02:51:39.093638,27.900304807057328,67.14442887954984,63.57951090194828,46
2024-05-19 02:51:39.093638,26.40226638128609,58.601834070832986,18.173690639964736,41
2024-05-20 02:51:39.093638,28.191069725849147,60.297813830293,62.961548859193215,53
2024-05-21 02:51:39.093638,27.6234911731271,61.76988061389816,44.59452757975034,32
2024-05-22 02:51:39.093638,26.445401254878256,59.49448413896259,79.90692643618164,23
2024-05-23 02:51:39.093638,24.811636310957155,56.163709706090515,86.11239310776318,28
2024-05-24 02:51:39.093638,23.38984098000212,59.204214990697906,128.36307348636413,37
2024-05-25 02:51:39.093638,25.440989683902135,63.443307183953834,68.28002468237054,25
2024-05-26 02:51:39.093638,27.961499221483635,52.787498637686156,60.90923299475368,24
2024-05-27 02:51:39.093638,26.591794402992633,58.433439574916456,57.24056271284042,37
2024-05-28 02:51:39.093638,23.58728316092405,54.1201375794697,41.11702988338959,23
2024-05-29 02:51:39.093638,26.340550106167203,63.45180356060293,62.19872378023839,36
2024-05-30 02:51:39.093638,26.680549411985545,49.72018580403403,43.54346208213876,20
2024-05-31 02:51:39.093638,24.058250080777707,54.40482388637731,57.849628331878115,24
2024-06-01 02:51:39.093638,26.049814312712225,58.952608790211016,92.7429025468351,27
2024-06-02 02:51:39.093638,25.775554373088813,64.76512883499433,23.46663518002275,41
2024-06-03 02:51:39.093638,23.290367593355274,56.483597981698445,88.33582975971308,40
2024-06-04 02:51:39.093638,26.20947719130268,53.915110765392676,94.1579692581573,16
2024-06-05 02:51:39.093638,26.533513319331202,65.97960739633155,51.63583919865998,27
2024-06-06 02:51:39.093638,27.496560415989848,49.220455585680035,7.916199218365705,11
2024-06-07 02:51:39.093638,27.357071776258262,45.357221396157094,38.09434899861239,20
2024-06-08 02:51:39.093638,22.413658823374078,58.446105042994745,95.85623880467642,28
2024-06-09 02:51:39.093638,23.21342142160132,53.63463007048289,56.905403822768356,10
2024-06-10 02:51:39.093638,26.03978378187071,50.941722341902995,28.28487982928993,17
2024-06-11 02:51:39.093638,25.958518279298723,59.49679956164587,43.82045826653882,22
2024-06-12 02:51:39.093638,25.88288966850605,57.08532504854706,84.90911587964287,36
2024-06-13 02:51:39.093638,32.48074320574623,52.96143209214531,76.84616542704265,45
2024-06-14 02:51:39.093638,25.840208216638406,49.300031737002875,54.056448883923565,20
2024-06-15 02:51:39.093638,26.893389324431425,59.98781742615959,51.026311323431166,36
2024-06-16 02:51:39.093638,26.454798930403932,58.804784887910266,51.11106968765456,27
2024-06-17 02:51:39.093638,25.7748441985028,54.990440371507084,36.05017032203408,25
2024-06-18 02:51:39.093638,23.76754063821619,64.6563578863846,113.06804431750868,53
2024-06-19 02:51:39.093638,25.84280812203694,50.01393357683735,55.84683065605367,41
2024-06-20 02:51:39.093638,22.706804680570826,47.68226481889304,102.96597448347126,12
2024-06-21 02:51:39.093638,23.707219716712505,51.800248535863126,113.05029981585827,38
2024-06-22 02:51:39.093638,23.13936932136212,54.986136848947005,98.34428474463047,37
2024-06-23 02:51:39.093638,24.203942874332267,56.38943564209189,56.454735680811105,16
2024-06-24 02:51:39.093638,28.60048936944022,53.92963527040687,82.5475831275433,46
2024-06-25 02:51:39.093638,20.168519462401385,56.863586376995706,70.76578893070064,37
2024-06-26 02:51:39.093638,25.208368052334553,48.81753243745513,45.459905587682925,14
2024-06-27 02:51:39.093638,20.544153933839286,62.270407415508316,83.40405103141111,17
2024-06-28 02:51:39.093638,22.760419818668026,54.62162503847267,39.42706936285296,32
2024-06-29 02:51:39.093638,25.817861891157122,60.60410402825138,111.57598034294648,41
2024-06-30 02:51:39.093638,23.705196267911617,56.72094733119921,63.1764195215241,33
2024-07-01 02:51:39.093638,21.358839407803448,57.28523727496461,84.34072457610932,29
2024-07-02 02:51:39.093638,22.0224499942006,57.84891474919462,88.01687032700863,31
2024-07-03 02:51:39.093638,24.752035280692212,57.24168531976997,72.98432685481944,18
2024-07-04 02:51:39.093638,21.87296070330461,58.22427658300995,99.60610816071713,39
2024-07-05 02:51:39.093638,23.708554717928923,61.668399556128065,69.03220608018232,42
2024-07-06 02:51:39.093638,23.3098314293097,56.021667175640225,110.71208142033716,29
2024-07-07 02:51:39.093638,21.85966082551833,58.60494995634398,45.50705941510314,23
2024-07-08 02:51:39.093638,27.396063619029853,54.63656175667359,91.01017491918245,21
2024-07-09 02:51:39.093638,24.322483802238267,62.31556706329585,146.7376497149595,45
2024-07-10 02:51:39.093638,18.95200320463007,51.767183094899096,59.929085288432056,21
2024-07-11 02:51:39.093638,23.324027488160993,64.1924230988952,70.99376741641265,31
2024-07-12 02:51:39.093638,21.577579474354874,55.02990875788345,108.14787759611963,38
2024-07-13 02:51:39.093638,24.557270530132435,48.12418905475192,99.53963787356045,25
2024-07-14 02:51:39.093638,21.219846236603722,55.97032709749009,106.10922404734852,32
2024-07-15 02:51:39.093638,22.529145198459087,51.98064622260808,111.72023865125047,18
2024-07-16 02:51:39.093638,23.72358327060267,59.649564102299614,117.55630738063294,34
2024-07-17 02:51:39.093638,24.401383369418053,52.24799270915202,133.29099525868665,32
2024-07-18 02:51:39.093638,20.22683106800926,53.34926684450861,113.79475313771499,26
2024-07-19 02:51:39.093638,21.917271557204987,46.20583639384704,95.77706821471854,18
2024-07-20 02:51:39.093638,21.59654502611874,53.46962732674342,124.72057426423187,27
2024-07-21 02:51:39.093638,21.201262113014774,43.693620937390186,163.0818934109575,34
2024-07-22 02:51:39.093638,26.001648742791925,47.97957755070936,103.6615436659345,27
2024-07-23 02:51:39.093638,23.24486917014104,59.79142892088606,79.97238408706241,14
2024-07-24 02:51:39.093638,19.878659775151235,60.01278345927703,144.00051113123595,47
2024-07-25 02:51:39.093638,24.20304020778804,58.30963249705648,108.76813519288329,48
2024-07-26 02:51:39.093638,26.57989387036526,51.45013170461124,48.80214113910783,16
2024-07-27 02:51:39.093638,24.37016312244135,56.15319857550588,141.01823738552704,43
2024-07-28 02:51:39.093638,19.237538774482825,56.4845290834842,101.15932380162212,17
2024-07-29 02:51:39.093638,21.28026024898056,50.82551532392657,116.1364935548327,28
2024-07-30 02:51:39.093638,24.756412150842795,64.25310372769601,130.45447960179538,43
2024-07-31 02:51:39.093638,20.782531915100414,61.24563828697091,127.86140468848123,28
2024-08-01 02:51:39.093638,23.062217577494476,55.88062528362173,145.0895896968806,26
2024-08-02 02:51:39.093638,23.70198850482765,57.25036174682492,112.40884809885694,26
2024-08-03 02:51:39.093638,20.27844142835715,58.29216129899129,142.5413048959014,20
2024-08-04 02:51:39.093638,21.994279996623224,47.179676023241996,121.04321244954137,17
2024-08-05 02:51:39.093638,15.613276366677738,56.29431392230258,152.68169949467247,19
2024-08-06 02:51:39.093638,20.03097330875794,54.265835279141285,150.67197084763347,21
2024-08-07 02:51:39.093638,21.56001181251127,52.81687411886418,105.84663227685638,32
2024-08-08 02:51:39.093638,19.556447592812923,56.572307980304174,168.19288479912524,45
2024-08-09 02:51:39.093638,25.305172626244055,67.12264956984248,121.242420693238,36
2024-08-10 02:51:39.093638,19.169877010055988,61.49836447310538,163.2747280071812,33
2024-08-11 02:51:39.093638,21.14135725401944,55.601666667574094,151.76654215498314,36
2024-08-12 02:51:39.093638,22.275693146359348,61.487316636255855,197.61111086763893,45
2024-08-13 02:51:39.093638,24.89100578677589,65.79140111431506,137.4815376377968,43
2024-08-14 02:51:39.093638,19.13246528497765,63.59134305809268,135.42765745737074,37
2024-08-15 02:51:39.093638,24.327731900829924,59.443155147503795,147.04743352216187,43
2024-08-16 02:51:39.093638,22.020570585811146,56.09037346398435,140.25819277531778,19
2024-08-17 02:51:39.093638,20.03727287325213,62.99939987505005,175.07559995235334,43
2024-08-18 02:51:39.093638,22.926168424593317,61.662053645564,104.31146115838077,41
2024-08-19 02:51:39.093638,22.40323726047307,64.3599983179072,122.91291114468001,27
2024-08-20 02:51:39.093638,20.809324662933374,63.25230253431499,124.21055632333648,32
2024-08-21 02:51:39.093638,22.15548591095176,65.5195670473137,186.4732764788204,48
2024-08-22 02:51:39.093638,21.25285882731065,57.79387794610988,210.99948824777562,36
2024-08-23 02:51:39.093638,22.259603688442496,67.2581065464773,158.26177227438723,50
2024-08-24 02:51:39.093638,23.367389321860298,61.86298838877942,158.04137296691385,63
2024-08-25 02:51:39.093638,25.227193440517716,71.45786023585752,166.91447112852032,41
2024-08-26 02:51:39.093638,19.593029931432444,57.84483227224206,201.37173545190888,20
2024-08-27 02:51:39.093638,26.34969407305159,70.18239368575993,140.39236518595195,50
2024-08-28 02:51:39.093638,18.19587894609999,62.706456777584684,177.05618982275763,38
2024-08-29 02:51:39.093638,21.81436752212916,58.67660223120851,200.84729585385054,36
2024-08-30 02:51:39.093638,23.31390592415806,59.7334492509591,188.30402312584312,55
2024-08-31 02:51:39.093638,22.720033932831036,60.77265970725056,180.63156290376037,26
2024-09-01 02:51:39.093638,20.934868556998897,64.71900964154905,206.64100178971302,47
2024-09-02 02:51:39.093638,21.787672606743147,65.43834035138563,97.17024817854012,25
2024-09-03 02:51:39.093638,21.24298983339703,60.18377808605961,200.25267532869137,55
2024-09-04 02:51:39.093638,21.07675441798096,63.160684750842734,161.93445480681902,55
2024-09-05 02:51:39.093638,23.982590117193382,74.22598512901878,128.2686713429564,36
2024-09-06 02:51:39.093638,23.02672035783042,72.38645184017062,200.1448079651585,42
2024-09-07 02:51:39.093638,20.95756642250852,66.16631446153157,227.6292151705406,52
2024-09-08 02:51:39.093638,24.17466523448066,64.41246098525501,183.89591071451767,41
2024-09-09 02:51:39.093638,23.02351850735185,65.06206442390103,218.1942130200038,45
2024-09-10 02:51:39.093638,24.0694618563098,67.77060741128939,239.553165875131,52
2024-09-11 02:51:39.093638,23.73916728086669,59.8317383982394,232.19685582061447,27
2024-09-12 02:51:39.093638,20.859434630953807,63.90300402314346,243.50025981917528,43
2024-09-13 02:51:39.093638,21.435909558534583,57.09258108026348,218.1038869180177,32
2024-09-14 02:51:39.093638,24.091026222855643,67.67858807467805,199.62818891052186,43
2024-09-15 02:51:39.093638,23.858655369571164,69.16670606102498,150.8172490880414,57
2024-09-16 02:51:39.093638,22.63888360536297,63.76425707579252,192.99086966232932,29
2024-09-17 02:51:39.093638,22.95939693393994,74.30072122822207,176.55689979896724,54
2024-09-18 02:51:39.093638,25.325397661977643,60.55361765948497,268.4487248051035,50
2024-09-19 02:51:39.093638,21.633507656998777,59.61321589782918,199.49417115511986,36
2024-09-20 02:51:39.093638,23.958670781157757,68.31090440822689,209.9009176700861,56
2024-09-21 02:51:39.093638,22.50914510731631,72.67852719711539,224.16666227677203,53
2024-09-22 02:51:39.093638,22.5284366325345,76.11782427374968,210.3303803685645,55
2024-09-23 02:51:39.093638,25.212820666634514,65.65959858424634,261.2565065746664,65
2024-09-24 02:51:39.093638,24.71875158824848,73.60386608032456,193.09021445731216,48
2024-09-25 02:51:39.093638,24.74875844909274,68.2748933147713,218.954284971153,45
2024-09-26 02:51:39.093638,25.787669445531073,67.86172829029353,192.1695557523114,39
2024-09-27 02:51:39.093638,23.274828201627212,73.40097249254721,176.15146152028518,38
2024-09-28 02:51:39.093638,24.653954509240393,72.5023974958873,198.68799039743016,80
2024-09-29 02:51:39.093638,22.727845458441518,61.617158207572984,217.1989652296474,56
2024-09-30 02:51:39.093638,24.056127106263347,77.1403054591124,206.6797111047264,39
2024-10-01 02:51:39.093638,23.207991092481176,76.91661722364796,200.01418879065625,37
2024-10-02 02:51:39.093638,23.723801329842953,67.14689888595352,179.8043013769701,49
2024-10-03 02:51:39.093638,24.78268676470888,72.51220037459161,220.6862733180004,59
2024-10-04 02:51:39.093638,22.019507186927367,73.2616455254391,179.20170030728852,50
2024-10-05 02:51:39.093638,27.905292579294482,72.35294012896195,248.28677146498157,60
2024-10-06 02:51:39.093638,21.7740271885679,68.55581037198776,229.07763689993288,45
2024-10-07 02:51:39.093638,21.424183623351542,68.20659568747759,183.97448921841752,44
2024-10-08 02:51:39.093638,26.2362167078481,71.69385362719292,219.4982640788836,57
2024-10-09 02:51:39.093638,25.5716696382163,77.94163926505475,207.2599397330718,34
2024-10-10 02:51:39.093638,25.305828042387603,75.05174768338928,240.4262440259642,55
2024-10-11 02:51:39.093638,25.384397878487206,70.73573455358769,272.0668752363234,50
2024-10-12 02:51:39.093638,24.17418522497141,76.7015898457382,176.57621940386397,52
2024-10-13 02:51:39.093638,22.475974309187553,58.85382848420052,237.23559539313118,73
2024-10-14 02:51:39.093638,24.494707485257617,79.09289529295587,229.90935327066677,61
2024-10-15 02:51:39.093638,23.062179721216463,64.90202797574459,255.7568922465406,47
2024-10-16 02:51:39.093638,26.440915033972992,72.03885237754619,242.89050189411674,68
2024-10-17 02:51:39.093638,24.27147883532803,68.50202354223077,214.78773560860867,55
2024-10-18 02:51:39.093638,22.990240583465457,67.87506320292222,228.60145620216224,52
2024-10-19 02:51:39.093638,24.07480554427946,80.39941000146185,215.0923579666017,61
2024-10-20 02:51:39.093638,25.620460574528277,72.50221012336435,272.02697018866036,81
2024-10-21 02:51:39.093638,23.744824301143716,76.8172372573923,241.1330609419708,44
2024-10-22 02:51:39.093638,23.306140578589595,75.09260582514965,298.2494986499647,64
2024-10-23 02:51:39.093638,25.51687270983096,77.95332082591734,240.08691744590942,50
2024-10-24 02:51:39.093638,25.59893385135923,76.19147963260127,221.32019391957516,62
2024-10-25 02:51:39.093638,24.175178662906113,69.62993697049507,197.79911370914598,39
2024-10-26 02:51:39.093638,24.327590799217298,81.26196395157712,189.72680763827603,50
2024-10-27 02:51:39.093638,25.814883824474734,74.04571250602943,196.87949456516532,51
2024-10-28 02:51:39.093638,22.536221846001464,68.96351581096043,252.97189670255813,60
2024-10-29 02:51:39.093638,22.699535351233926,74.83577478227899,260.74615680488,64
2024-10-30 02:51:39.093638,24.160088233647436,84.70800190468995,198.5466222168272,44
2024-10-31 02:51:39.093638,25.253013036331335,81.6810234051273,273.30291014932743,65
2024-11-01 02:51:39.093638,26.385045380382458,75.91015807731841,232.40068742484928,52
2024-11-02 02:51:39.093638,28.797633080186902,76.12836018342625,251.70827741754886,54
2024-11-03 02:51:39.093638,27.646272910110884,76.48536357027602,296.0541614124303,66
2024-11-04 02:51:39.093638,25.69542727235999,88.69376399126335,274.94675115244803,66
2024-11-05 02:51:39.093638,26.061915172680365,80.4337173821052,240.31054976148516,86
2024-11-06 02:51:39.093638,24.179799552547834,80.88573161310924,221.9263718303941,61
2024-11-07 02:51:39.093638,26.23298491037015,84.09582827314506,184.37402996543375,45
2024-11-08 02:51:39.093638,25.77806371032659,80.34458672573592,227.59085071582751,54
2024-11-09 02:51:39.093638,27.086379453571986,78.05894115275835,243.0390358827654,73
2024-11-10 02:51:39.093638,24.872207906160714,78.5731341410952,219.93552280089105,77
2024-11-11 02:51:39.093638,27.65123092512269,79.39476950313743,245.76158510401004,49
2024-11-12 02:51:39.093638,29.763998954600766,79.7616591395989,252.12361194988037,51
2024-11-13 02:51:39.093638,26.567073643583566,83.77795673081461,243.16147790603793,84
2024-11-14 02:51:39.093638,27.674154201292,80.58856423925877,230.46649591426495,68
2024-11-15 02:51:39.093638,28.337193967539083,84.17799193480955,255.05592590161342,61
2024-11-16 02:51:39.093638,26.24065307211147,80.29404107334592,263.25450522969385,70
2024-11-17 02:51:39.093638,27.577454206526713,81.27045371134832,217.25460101568336,37
2024-11-18 02:51:39.093638,27.240590861066305,71.06269610226744,292.2351287526684,65
2024-11-19 02:51:39.093638,27.496831068502047,85.80847522178757,246.86041149258946,71
2024-11-20 02:51:39.093638,25.84144253564872,83.12908066412821,250.26478280512464,73
2024-11-21 02:51:39.093638,27.522350555252522,86.5531039293533,270.7973413131233,61
2024-11-22 02:51:39.093638,28.55505424959509,67.24475579579565,256.3694269855013,63
2024-11-23 02:51:39.093638,30.546906227423214,92.32740130180088,277.75954931049745,71
2024-11-24 02:51:39.093638,29.64853046981549,81.34354312109306,257.5422169613676,74
2024-11-25 02:51:39.093638,32.12150663319966,87.73479088014562,230.28901735363957,68
2024-11-26 02:51:39.093638,26.36535728573816,77.14310946695,259.2115749548432,59
2024-11-27 02:51:39.093638,29.72933694115451,85.55160350304193,213.72978545686223,59
2024-11-28 02:51:39.093638,28.435730347769855,77.36204049326778,250.94433373806325,73
2024-11-29 02:51:39.093638,32.53268522014754,79.64790528307597,246.3075873386486,84
2024-11-30 02:51:39.093638,26.620173180103247,92.4707451840916,240.64901325717628,67
2024-12-01 02:51:39.093638,26.640648975883416,82.07718152186595,242.59563538387604,64
2024-12-02 02:51:39.093638,27.20423803295965,84.24389115615057,189.52687191286202,46
2024-12-03 02:51:39.093638,24.237745651393347,87.6292893832925,229.02265887575317,58
2024-12-04 02:51:39.093638,27.516099427642366,85.87563846731685,247.74344420644707,68
2024-12-05 02:51:39.093638,27.13095072713314,84.26362106415453,249.19926461525205,93
2024-12-06 02:51:39.093638,29.03112016249847,85.4466143133291,212.9907436981757,56
2024-12-07 02:51:39.093638,29.494446937905945,95.74512247245252,281.1817807134718,95
2024-12-08 02:51:39.093638,32.64334096928998,83.54210672284084,216.587151480454,84
2024-12-09 02:51:39.093638,30.871349389524966,84.93374266563717,270.9904578761502,80
2024-12-10 02:51:39.093638,27.89561131895274,89.27542756533941,254.0296089335251,89
2024-12-11 02:51:39.093638,27.330897250551622,89.63952692910975,221.10689218649844,71
2024-12-12 02:51:39.093638,30.189240677035983,90.1325973315194,293.0060828089877,84
2024-12-13 02:51:39.093638,26.64195635837327,87.47242689416876,203.16402871801196,62
2024-12-14 02:51:39.093638,33.02168255465823,78.64083847559381,265.7476994804609,90
2024-12-15 02:51:39.093638,31.793286643110267,92.595842325566,267.3642851020626,93
2024-12-16 02:51:39.093638,28.5709731286531,78.76549205551343,216.37599677468677,57
2024-12-17 02:51:39.093638,26.15722779757756,86.07462307111946,277.3906489549566,55
2024-12-18 02:51:39.093638,32.36464637946066,80.8499665029036,227.21194169969738,71
2024-12-19 02:51:39.093638,29.50043725733555,84.3562095134769,242.44562189710427,63
2024-12-20 02:51:39.093638,32.27695385328169,86.37190776928054,240.64104865637293,77
2024-12-21 02:51:39.093638,26.683437822452618,86.38170003254264,227.82409961151268,77
2024-12-22 02:51:39.093638,28.74366154580916,86.92694581886225,255.1752569081822,67
2024-12-23 02:51:39.093638,30.02214314914594,92.92392373336573,253.6292935173557,77
2024-12-24 02:51:39.093638,30.173966226681515,87.1566501853589,176.3185771932342,68
2024-12-25 02:51:39.093638,29.247308208114504,83.69738275328906,266.83124148871,81
2024-12-26 02:51:39.093638,31.459637913127693,89.76335631281798,176.7296846708275,49
2024-12-27 02:51:39.093638,28.144241113311246,90.91058739187132,256.46147868454324,67
2024-12-28 02:51:39.093638,30.0592924765631,78.84106424552985,258.14446563304614,73
2024-12-29 02:51:39.093638,30.648218549588744,87.97752122747512,190.45044759040528,82
2024-12-30 02:51:39.093638,31.499068268259986,88.50334793727905,209.6693966484875,69
2024-12-31 02:51:39.093638,31.954952554961235,83.51217377785623,187.61567813229382,51
2025-01-01 02:51:39.093638,28.342921415037797,91.87657540664075,213.11114693158217,76
2025-01-02 02:51:39.093638,27.583392686900325,84.24135700624119,209.06904061552746,57
2025-01-03 02:51:39.093638,33.26530507714655,85.60865626954315,240.430879092669,67
2025-01-04 02:51:39.093638,31.431807505597483,84.10010262817411,255.0613992404947,70
2025-01-05 02:51:39.093638,29.326315095664476,85.02359797134254,256.3141876469516,70
2025-01-06 02:51:39.093638,33.98056477395359,79.44012739033133,196.25102051668657,67
2025-01-07 02:51:39.093638,31.1634303783133,77.69261480138,205.49303909700987,45
2025-01-08 02:51:39.093638,33.34332740546752,92.83233572624243,159.90182959511532,84
2025-01-09 02:51:39.093638,31.171237923831278,80.58752949344418,184.84620498250518,79
2025-01-10 02:51:39.093638,35.20796543757987,79.8234960767164,236.5676499884818,86
2025-01-11 02:51:39.093638,34.646205666068724,73.9672370525301,254.67225817299862,66
2025-01-12 02:51:39.093638,30.685421268371414,81.48873063474076,167.7402793716923,62
2025-01-13 02:51:39.093638,33.173074031507916,78.0130791642499,185.54651550558222,69
2025-01-14 02:51:39.093638,32.56600973184792,92.77924604129727,201.06212494968523,83
2025-01-15 02:51:39.093638,34.056576321773434,89.5545687851967,208.77757907081605,86
2025-01-16 02:51:39.093638,29.43223824013556,80.99673462261538,174.58811784730702,55
2025-01-17 02:51:39.093638,32.77566390738777,95.62737850168894,210.08701107739665,81
2025-01-18 02:51:39.093638,33.560577334770656,89.19747163179713,181.62488177373342,80
2025-01-19 02:51:39.093638,27.965096374355817,82.58368634383433,193.86775581168519,77
2025-01-20 02:51:39.093638,29.153573377648986,71.6257921030062,209.13794965320403,68
2025-01-21 02:51:39.093638,27.47779802584792,95.48831457097442,191.3774862297998,75
2025-01-22 02:51:39.093638,31.052266865512255,76.99235052958436,176.5163998881187,65
2025-01-23 02:51:39.093638,33.05961902797777,75.61568815783565,184.73107203557353,82
2025-01-24 02:51:39.093638,34.66132849116223,88.85388993559428,183.7685700394917,82
2025-01-25 02:51:39.093638,31.835500174939227,95.83407274590878,173.70839908294522,66
2025-01-26 02:51:39.093638,34.97384516799125,90.44689621638977,175.4237763686371,92
2025-01-27 02:51:39.093638,28.98431315170083,86.23128022375163,229.51614041578324,77
2025-01-28 02:51:39.093638,28.364243418574997,86.26772373472527,196.74399918100136,61
2025-01-29 02:51:39.093638,31.684987494749063,87.4392971238064,169.40280742764253,65
2025-01-30 02:51:39.093638,32.58786330123853,86.8412156539953,197.5182511480209,77
2025-01-31 02:51:39.093638,31.776560306450843,84.32300660573458,164.92952971311777,72
2025-02-01 02:51:39.093638,27.72784428873134,83.3046936780341,208.46493715524704,65
2025-02-02 02:51:39.093638,31.703822208774096,82.3335627090527,182.68063272632054,71
2025-02-03 02:51:39.093638,29.291006453845302,78.73578786737113,166.68605602058716,77
2025-02-04 02:51:39.093638,33.25571777392102,80.95760203494602,181.64446698597737,81
2025-02-05 02:51:39.093638,32.664535563107556,73.74788707595312,119.38910181160831,62
2025-02-06 02:51:39.093638,30.065080619118277,81.56903792767625,131.00988216783077,69
2025-02-07 02:51:39.093638,30.929138192508407,76.96226177292777,127.28827447064248,48
2025-02-08 02:51:39.093638,29.849003958282097,76.22821451202428,165.68354167342264,64
2025-02-09 02:51:39.093638,31.851155784419486,82.48308544685844,211.65653705487077,90
2025-02-10 02:51:39.093638,33.894402900030755,88.37763781760754,224.90305310539208,78
2025-02-11 02:51:39.093638,30.01878949007795,85.83982853344232,175.38617701393488,58
2025-02-12 02:51:39.093638,33.00297516170956,73.22301935461466,169.54871796740434,59
2025-02-13 02:51:39.093638,30.937523287188345,75.95136763303228,98.76904738689629,44
2025-02-14 02:51:39.093638,30.41396416012728,85.42411157278163,134.79712890207117,55
2025-02-15 02:51:39.093638,31.78583481631891,75.6253806181678,125.72007370309893,56
2025-02-16 02:51:39.093638,29.92811095864125,79.22908263369762,129.00459375126053,44
2025-02-17 02:51:39.093638,30.88851180196911,82.91386366055185,140.86284678337304,63
2025-02-18 02:51:39.093638,29.595785006178644,75.13021570989089,130.02279977803852,64
2025-02-19 02:51:39.093638,35.91523827404561,80.30418732120006,83.08660625251159,57
2025-02-20 02:51:39.093638,32.04908087653005,72.90964894048415,163.185230436469,78
2025-02-21 02:51:39.093638,30.570389218037576,76.37255833236163,106.85070328655263,61
2025-02-22 02:51:39.093638,32.387609803087656,80.77513941219564,144.4987299699938,75
2025-02-23 02:51:39.093638,31.72332994387572,71.00536768349772,197.83590140637367,58
2025-02-24 02:51:39.093638,31.492912685635964,80.96415124908651,106.3282555906016,68
2025-02-25 02:51:39.093638,33.14858480866033,78.4524263413667,56.30232064485196,46
2025-02-26 02:51:39.093638,33.41920437327873,81.09936219709118,121.93725841164415,74
2025-02-27 02:51:39.093638,30.825666996032123,79.24030299525388,161.85840182701617,65
2025-02-28 02:51:39.093638,30.716061147197323,84.72284142033439,185.89855457723672,73
2025-03-01 02:51:39.093638,31.297176207727734,78.307320726512,88.5869513823798,44
2025-03-02 02:51:39.093638,27.221578949326812,75.31094709706326,138.70701187980504,43
2025-03-03 02:51:39.093638,28.771747029264922,77.8440228813822,108.18710059170769,59
2025-03-04 02:51:39.093638,34.5111586824195,79.72143703501143,117.31661905560084,57
2025-03-05 02:51:39.093638,35.041207032289506,77.01957734966273,198.18279243446864,79
2025-03-06 02:51:39.093638,31.22564921449639,76.74655238983435,72.13005952838517,40
2025-03-07 02:51:39.093638,32.84788132477247,72.80000809930209,123.20777691585164,68
2025-03-08 02:51:39.093638,32.28691883274708,72.75995964273537,128.01302267249204,47
2025-03-09 02:51:39.093638,37.79044530323199,68.82413062727457,144.95315985967162,76
2025-03-10 02:51:39.093638,33.83872213904783,84.34599903392473,113.7275856567537,73
2025-03-11 02:51:39.093638,31.309259068819337,69.13809407634805,118.4497794123047,48
2025-03-12 02:51:39.093638,29.618178856569415,71.65058732515381,95.89109903475804,56
2025-03-13 02:51:39.093638,28.279186781322657,71.27926016754928,114.15924360145421,52
2025-03-14 02:51:39.093638,31.860491623293793,79.10065412834074,94.24759496322767,53
2025-03-15 02:51:39.093638,29.90102448054451,72.90464504395415,121.66195454895632,44
2025-03-16 02:51:39.093638,28.52806869868384,80.37016371919151,90.41188334855066,32
2025-03-17 02:51:39.093638,30.03698125043714,70.51483255531849,111.31301181706567,55
2025-03-18 02:51:39.093638,29.12329528012945,75.02693524513471,97.63677891323047,35
2025-03-19 02:51:39.093638,34.615665188752246,69.20382874117828,130.82613226998564,63
2025-03-20 02:51:39.093638,32.95839180042977,83.85390473567297,94.04850936148712,60
2025-03-21 02:51:39.093638,31.131650856826777,66.93683260520655,40.96121036916613,52
2025-03-22 02:51:39.093638,34.0587358738884,74.16973964379066,130.5882871277719,61
2025-03-23 02:51:39.093638,31.203617756673097,75.5345532067213,64.15414750627968,49
2025-03-24 02:51:39.093638,29.275143219398185,74.17899407555188,70.32603486713467,55
2025-03-25 02:51:39.093638,33.99160239693707,70.92726312555536,70.69994092190623,59
2025-03-26 02:51:39.093638,31.96964464699012,70.9477499532199,128.45193032791474,61
2025-03-27 02:51:39.093638,28.76264617061712,71.55858836255902,21.816223403144704,46
2025-03-28 02:51:39.093638,30.400634894330718,70.34680052365557,178.70561850641968,44
2025-03-29 02:51:39.093638,28.973125954465512,75.64316420105592,114.96102005083958,60
2025-03-30 02:51:39.093638,27.900706571332442,81.6180969397735,88.70246154033372,57
2025-03-31 02:51:39.093638,32.45951531224042,67.51956829699796,79.10465604745315,42
2025-04-01 02:51:39.093638,34.36577586821973,63.19946638580623,88.08485642635412,52
2025-04-02 02:51:39.093638,27.688535888699654,69.34851069812001,93.93960775130422,45
2025-04-03 02:51:39.093638,31.54930224366045,82.42996970617935,96.47140601897765,58
2025-04-04 02:51:39.093638,29.058754164533962,65.25469148674632,92.61373266920305,49
2025-04-05 02:51:39.093638,29.321465682223717,77.21050566058672,77.48568353530453,65
2025-04-06 02:51:39.093638,29.045626475303674,77.14557571185216,67.75311997054327,60
2025-04-07 02:51:39.093638,28.43617078905484,65.73164975864184,68.03276289998139,29
2025-04-08 02:51:39.093638,30.193993408304774,71.08747151296727,65.64440871184773,54
2025-04-09 02:51:39.093638,28.36692753108472,76.12802658075871,104.44878332345694,64
2025-04-10 02:51:39.093638,30.500719056000058,65.8344905253753,87.21004673077844,52
2025-04-11 02:51:39.093638,29.789427364081394,66.45698765321401,19.816701239736815,51
2025-04-12 02:51:39.093638,29.341246976074657,64.31199540630172,87.08784155407758,65
2025-04-13 02:51:39.093638,27.93241756627084,61.892952761555094,72.29330470026966,50
2025-04-14 02:51:39.093638,28.52158765781293,63.46758641766,64.95518203901698,43
2025-04-15 02:51:39.093638,31.112703324154634,60.34248693068164,52.951220040758884,54
2025-04-16 02:51:39.093638,30.529772679357556,66.38187093523943,97.44585745656954,51
2025-04-17 02:51:39.093638,27.49809410698537,62.1119784781126,91.28960802265499,41
2025-04-18 02:51:39.093638,29.576406566788226,66.88236510941084,38.844713643163516,38
2025-04-19 02:51:39.093638,30.804347051491508,57.68682192513004,73.43598047275047,59
2025-04-20 02:51:39.093638,25.885909213320467,66.8749130441446,31.294456344762636,26
2025-04-21 02:51:39.093638,30.233926088865918,69.1437885715906,18.3019701408384,58
2025-04-22 02:51:39.093638,27.743806104634007,54.76459019505092,40.16218916568642,37
2025-04-23 02:51:39.093638,30.13148408973293,66.3622408321832,84.13575096962005,33
2025-04-24 02:51:39.093638,27.384410185483404,70.39062915281461,86.18519705301745,48
2025-04-25 02:51:39.093638,25.2212382393827,57.96611315245038,72.33896501076192,11
2025-04-26 02:51:39.093638,25.495447452045223,72.14099279153693,78.0818822168853,47
2025-04-27 02:51:39.093638,28.76571196368347,65.6388872511612,71.22479636534086,52
2025-04-28 02:51:39.093638,29.10750073684823,59.78631263829479,35.9334471517038,31
2025-04-29 02:51:39.093638,26.697464279185063,62.802093667546444,67.60219357817952,38
2025-04-30 02:51:39.093638,29.70087672853823,65.64419665286906,78.1517586826722,65
2025-05-01 02:51:39.093638,25.017822939265272,63.0063358362315,76.29165203281921,30
2025-05-02 02:51:39.093638,28.125476301884195,65.0960266125582,88.8823776228356,33
2025-05-03 02:51:39.093638,25.752002647295118,57.57707401508108,74.04491445982161,48
2025-05-04 02:51:39.093638,26.786413131867807,62.80776489575112,62.94895061255712,56
2025-05-05 02:51:39.093638,28.100609088167992,54.67529576664377,84.1487156258805,37
2025-05-06 02:51:39.093638,26.200412551084067,60.973098606331256,50.91638089023842,44
2025-05-07 02:51:39.093638,27.06728199680813,56.79756833084044,24.952794128688822,44
2025-05-08 02:51:39.093638,29.76388398559218,57.42991444248595,46.24333457897574,31
2025-05-09 02:51:39.093638,26.512196672917526,67.08112990332931,28.543950141769802,30
2025-05-10 02:51:39.093638,29.251848794756437,66.15301823394746,30.42081597657426,52
2025-05-11 02:51:39.093638,25.2353625435908,63.54072624497862,46.15525143935511,49
2025-05-12 02:51:39.093638,28.46854927563857,54.8348640848233,26.5624289357869,38
2025-05-13 02:51:39.093638,30.206121317335786,58.518661199055465,40.97000964071558,30
2025-05-14 02:51:39.093638,22.29364226208046,65.9734089149704,6.69610406564982,44
2025-05-15 02:51:39.093638,25.557017537121254,60.42672066162105,56.44430770555928,27
2025-05-16 02:51:39.093638,28.21878427779012,71.12805457405733,50.04452127532299,39
2025-05-17 02:51:39.093638,26.57236201989182,61.31437743802851,25.48826963661258,35
2025-05-18 02:51:39.093638,27.634563709700416,60.127580336131,69.80058340720115,53
2025-05-19 02:51:39.093638,25.59815277028428,57.444517710068965,78.20230887837374,42
2025-05-20 02:51:39.093638,26.893211507033637,59.483841259822185,1.9300913751660076,33
2025-05-21 02:51:39.093638,26.322669438007843,57.88314737686244,27.38649339646485,34
2025-05-22 02:51:39.093638,28.88368875314827,62.01877358626896,27.334949511780117,37
2025-05-23 02:51:39.093638,26.971201305488755,63.09789895276714,22.382702137743795,39
2025-05-24 02:51:39.093638,27.051959683908173,54.22406943758245,75.66415682437153,9
2025-05-25 02:51:39.093638,25.467580356522966,51.34100120075949,45.194725566843196,24
2025-05-26 02:51:39.093638,25.230912339070724,48.66285479442169,43.33307620084909,27
2025-05-27 02:51:39.093638,25.256034798193422,60.2341659949985,8.55900119682655,15
2025-05-28 02:51:39.093638,26.82534298201615,52.03136051206147,70.93700984353832,36
2025-05-29 02:51:39.093638,25.11004356690374,46.64142462908143,15.043472830357715,19
2025-05-30 02:51:39.093638,26.447447467455422,59.21019682288955,54.39501282617527,51
2025-05-31 02:51:39.093638,29.934920963355168,69.5975109244017,61.323093136571416,62
2025-06-01 02:51:39.093638,27.442951666110044,56.97119169812749,94.25511552430055,34
2025-06-02 02:51:39.093638,24.965624155022113,61.06689534317377,14.633011068916908,26
2025-06-03 02:51:39.093638,27.937478762159685,57.160383542530944,36.19692085201274,33
2025-06-04 02:51:39.093638,24.63671515801486,56.13752043494772,60.423160492048936,24
2025-06-05 02:51:39.093638,21.294891527730623,61.112055177905674,109.4704951867532,32
2025-06-06 02:51:39.093638,23.273726661536852,54.954010473507,93.19912850959227,21
2025-06-07 02:51:39.093638,21.467582257506184,57.63509463374725,62.92402012315726,12
2025-06-08 02:51:39.093638,24.42593806722288,57.803443268534885,42.516394082053864,34
2025-06-09 02:51:39.093638,25.086156679542626,52.755425106784124,82.1379542146855,37
2025-06-10 02:51:39.093638,28.323129047039338,60.96114366261479,29.4040459158421,28
2025-06-11 02:51:39.093638,25.545646779942253,55.03534728550239,73.61447562504034,40
2025-06-12 02:51:39.093638,24.375755007249268,52.04482101533586,75.22810105308949,21
2025-06-13 02:51:39.093638,26.39558081001083,58.42370909592244,92.63727037780635,39
2025-06-14 02:51:39.093638,20.237985097520422,51.17066983588309,144.41424644020444,34
2025-06-15 02:51:39.093638,25.055666119733942,55.730025421094844,74.2166558851539,31
2025-06-16 02:51:39.093638,26.051066427758144,55.47391651842554,48.021015601363736,35
2025-06-17 02:51:39.093638,21.47780264850899,60.88368385920579,63.39420711425977,20
2025-06-18 02:51:39.093638,26.648884485415447,57.76671378839906,11.986177088596726,27
2025-06-19 02:51:39.093638,24.965554500539092,55.21144461008382,45.1393171702328,25
2025-06-20 02:51:39.093638,23.385976807718254,59.3731246961674,54.649459904667985,20
2025-06-21 02:51:39.093638,25.41093437753728,62.1874172942201,52.177186679840375,31
2025-06-22 02:51:39.093638,28.61642258123944,57.98190421929772,73.46678518613516,24
2025-06-23 02:51:39.093638,24.369304705187414,55.205488647954674,45.24394026253724,21
2025-06-24 02:51:39.093638,24.43343844663466,48.55982859702607,104.59165306785818,26
2025-06-25 02:51:39.093638,22.950610679454993,49.76314731755761,72.0346251481298,21
2025-06-26 02:51:39.093638,22.102909175229264,53.536728650884555,72.84025181200441,21
2025-06-27 02:51:39.093638,25.397485043172217,51.99386605209183,64.3961121602007,28
2025-06-28 02:51:39.093638,21.9598308613758,54.08959015484987,80.0248794276135,29
2025-06-29 02:51:39.093638,23.751304956706143,55.29516566328034,101.28048754852828,40
2025-06-30 02:51:39.093638,22.59003938872733,57.65230266501496,51.6938450786937,18
2025-07-01 02:51:39.093638,24.441522230147353,54.647723742794376,59.1659493817898,16
2025-07-02 02:51:39.093638,24.09013994251462,57.43356155350479,71.02047919229014,19
2025-07-03 02:51:39.093638,25.438211680650557,55.32871782281759,40.99970850893014,23
2025-07-04 02:51:39.093638,22.284495695718963,45.13876047193817,58.062067224920234,15
2025-07-05 02:51:39.093638,22.707273378330516,50.33361613376117,69.63715869069766,15
2025-07-06 02:51:39.093638,21.233105713861555,54.328503148342804,111.45907575987596,13
2025-07-07 02:51:39.093638,22.246788418280474,49.02355752086724,94.42710186112365,19
2025-07-08 02:51:39.093638,23.835866033177904,58.09920081626127,93.69967412718593,33
2025-07-09 02:51:39.093638,24.542296782629883,62.785264703372206,114.77908491829079,43
2025-07-10 02:51:39.093638,21.13222352879472,61.26169112521124,86.50921198636604,21
2025-07-11 02:51:39.093638,24.665196152039513,54.141445979645724,103.74017152193866,28
2025-07-12 02:51:39.093638,25.58790069706437,62.70746451190686,90.34265986337118,28
2025-07-13 02:51:39.093638,23.655360652865014,56.04672621018698,102.830075524621,31
2025-07-14 02:51:39.093638,26.535187840172885,53.67188104370732,78.83271919834323,25
2025-07-15 02:51:39.093638,21.188376621204437,52.3485704132057,24.61318961653332,22
2025-07-16 02:51:39.093638,20.202271414459272,53.96584167167236,95.22707201298722,5
2025-07-17 02:51:39.093638,19.091046307390407,53.60422732364991,143.4307114618103,21
2025-07-18 02:51:39.093638,25.59877439948407,56.46840889484799,130.04218436345286,41
2025-07-19 02:51:39.093638,23.874921468262148,56.49468794832559,132.73928825076402,37
2025-07-20 02:51:39.093638,22.415842633192312,55.78678986663631,142.39666115043707,59
2025-07-21 02:51:39.093638,23.049100128734455,58.0402201060186,109.5211211607177,35
2025-07-22 02:51:39.093638,20.201676010496797,61.8969329409799,114.34233658266933,18
2025-07-23 02:51:39.093638,27.30900046927943,60.78382117327418,91.46713445102517,39
2025-07-24 02:51:39.093638,22.642142901456502,48.708058761989705,102.10021797283679,8
2025-07-25 02:51:39.093638,22.570065818652914,43.46356154408096,131.65266570166176,25
2025-07-26 02:51:39.093638,23.771766468053535,61.009475997999246,150.9041325311459,30
2025-07-27 02:51:39.093638,23.25259919738534,49.612251669015826,112.22274219241578,37
2025-07-28 02:51:39.093638,22.710095629762368,55.43561404799616,104.52896548093798,24
2025-07-29 02:51:39.093638,20.654533246244682,50.82566548498917,119.68849318436521,23
2025-07-30 02:51:39.093638,23.15298915269455,47.78707694439824,139.35587919676433,23
2025-07-31 02:51:39.093638,25.950094974077242,59.6289643709012,79.65957648505123,53
2025-08-01 02:51:39.093638,24.854310010719555,60.84598416523175,55.753366624791255,28
2025-08-02 02:51:39.093638,25.32870421168866,54.300061831206655,109.79379968744064,53
2025-08-03 02:51:39.093638,21.100204029392028,44.3636163402086,91.36668150609401,27
2025-08-04 02:51:39.093638,20.12517940167248,54.727587546788065,114.42853798652295,29
2025-08-05 02:51:39.093638,21.83602351964389,59.56153822964701,126.93006392455763,35
2025-08-06 02:51:39.093638,22.18371514919018,50.35535250000373,119.46228835719226,31
2025-08-07 02:51:39.093638,24.246780529125747,58.81774201529191,178.33506734600766,22
2025-08-08 02:51:39.093638,18.661068723746133,57.979020297408674,146.26921296305645,24
2025-08-09 02:51:39.093638,25.09417112083879,61.11020327736983,147.19095069397358,49
2025-08-10 02:51:39.093638,21.70960243819513,58.97332596703167,158.55629721880393,34
2025-08-11 02:51:39.093638,21.16388191218153,53.675211835348414,107.4414563668863,11
2025-08-12 02:51:39.093638,19.986941550976557,64.6919514654406,174.49866454384457,35
2025-08-13 02:51:39.093638,18.69642556940417,58.088338433534176,142.77322663032533,43
2025-08-14 02:51:39.093638,23.648952543975902,58.919659791615764,166.8828900098053,51
2025-08-15 02:51:39.093638,22.147204672777782,54.56829067630848,116.33603096800238,28
2025-08-16 02:51:39.093638,19.42008980763959,57.199865967084385,103.6027095999433,33
2025-08-17 02:51:39.093638,19.41078260363026,55.17705519951264,176.47582291793321,26
2025-08-18 02:51:39.093638,21.331784685826104,58.92421990382329,164.95450337238742,17
2025-08-19 02:51:39.093638,25.34529575038185,68.53840809896991,128.32266719772602,34
2025-08-20 02:51:39.093638,21.49345213280502,53.31425281175435,131.0147177904322,44
2025-08-21 02:51:39.093638,19.013212986136363,52.30276408615588,192.58593913246023,26
2025-08-22 02:51:39.093638,21.536356702600177,67.92609650320047,124.8562025936153,33
2025-08-23 02:51:39.093638,21.49221703195861,59.726102181144114,211.53128038132343,37
2025-08-24 02:51:39.093638,16.65518671027032,57.63257432312091,136.941361919169,40
2025-08-25 02:51:39.093638,21.953137215449278,66.38535967396214,184.81648590096756,57
2025-08-26 02:51:39.093638,21.614092174521602,58.36827575604997,157.50626349422342,56
2025-08-27 02:51:39.093638,23.484071355636733,70.73947568536403,187.15537063674924,45
2025-08-28 02:51:39.093638,25.806726647342956,65.21462327070489,154.4255942589175,48
2025-08-29 02:51:39.093638,24.380553690762365,59.60343275068766,167.548328498358,26
2025-08-30 02:51:39.093638,21.609703238105656,73.0498910419588,175.33612693225624,58
2025-08-31 02:51:39.093638,19.955927642979866,59.457434374897865,145.71220049054293,18
2025-09-01 02:51:39.093638,27.338633373850477,66.4213775345101,199.6641675245339,56
2025-09-02 02:51:39.093638,22.33471359332,64.43442110810365,163.6964899465672,28
2025-09-03 02:51:39.093638,22.269919679020624,69.67582056497534,173.8797147392488,36
2025-09-04 02:51:39.093638,22.221009041401242,71.20585630356969,152.54291296757665,32
2025-09-05 02:51:39.093638,22.694032526590792,63.791468863733314,107.12944717751176,27
2025-09-06 02:51:39.093638,22.039143140459288,60.099398885269466,179.8845843677918,32
2025-09-07 02:51:39.093638,21.211929165279845,66.40321155175607,259.59925760901456,42
2025-09-08 02:51:39.093638,21.29830343993712,60.953388689638324,212.35324170877786,48
2025-09-09 02:51:39.093638,22.360652117443273,74.64919767785192,189.82008645956762,35
2025-09-10 02:51:39.093638,21.37480549974523,65.5068437975937,184.08195412279488,42
2025-09-11 02:51:39.093638,21.07280836225535,63.241003009053706,194.20096656435848,51
2025-09-12 02:51:39.093638,22.74954282214207,66.2359215042072,211.4859406209311,40
2025-09-13 02:51:39.093638,22.066236579275,58.823190551220996,161.17996751098846,28
2025-09-14 02:51:39.093638,25.62500010744555,60.94837346005174,231.55213982738414,48
2025-09-15 02:51:39.093638,17.35719996848305,72.05738089873317,221.08776658835123,50
2025-09-16 02:51:39.093638,24.8855685659782,63.02087977590658,222.6609913118254,51
2025-09-17 02:51:39.093638,25.239417445666582,61.321933878855134,215.7435959364466,43
2025-09-18 02:51:39.093638,18.64642243644726,69.49191336435595,204.6361016019949,43
2025-09-19 02:51:39.093638,22.155033540657243,72.9902794466221,225.67565761108426,38
2025-09-20 02:51:39.093638,22.145968784835876,70.91050735277045,224.66997523336246,55
2025-09-21 02:51:39.093638,20.123490482102273,72.55075894216522,197.703148975477,46
2025-09-22 02:51:39.093638,21.433750661043028,64.042046667544,192.50780598337155,37
2025-09-23 02:51:39.093638,20.820294204646324,60.97311633901574,214.14529321854786,31
2025-09-24 02:51:39.093638,26.599224867040377,75.84555534948987,258.91580223191505,54
2025-09-25 02:51:39.093638,25.020439257463025,66.98269888739483,176.6090240854536,52
2025-09-26 02:51:39.093638,25.747735394791626,67.59956113972203,171.07456511106642,60
2025-09-27 02:51:39.093638,24.704639805491016,75.75266566977673,221.34189146006602,49
2025-09-28 02:51:39.093638,21.060973507752365,72.15107769265153,219.20471092660674,50
2025-09-29 02:51:39.093638,22.328911621718174,71.90778640776793,224.13723391880526,28
2025-09-30 02:51:39.093638,24.41665261827475,80.71188960455554,227.49400044595987,52
2025-10-01 02:51:39.093638,21.054657643380263,66.92785067338893,214.69690581674573,42
2025-10-02 02:51:39.093638,24.986960182517166,75.04316319506808,267.28523220457294,51
2025-10-03 02:51:39.093638,23.143384445277942,70.94742887707646,175.73699644736553,35
2025-10-04 02:51:39.093638,22.93846866345107,72.26352853348321,200.06207390748628,41
2025-10-05 02:51:39.093638,25.175089330506747,78.8208396250215,222.94995023196728,60
2025-10-06 02:51:39.093638,24.707719879869764,73.97525645526058,177.8599406802664,48
2025-10-07 02:51:39.093638,23.16422991730059,74.3847115408701,222.96505922406985,29
2025-10-08 02:51:39.093638,26.27271607811513,77.31241818562067,279.1466346174915,43
2025-10-09 02:51:39.093638,21.860729095286814,70.38118882662586,230.96739902023018,41
2025-10-10 02:51:39.093638,25.32441085744839,68.26531964706483,238.2762341978572,59
2025-10-11 02:51:39.093638,25.349289961014538,67.49200616431926,194.54049324070323,22
2025-10-12 02:51:39.093638,23.61538531418619,63.13814630386027,214.8203554071021,41
2025-10-13 02:51:39.093638,24.958956718558298,83.5039595466137,222.99631301219688,54
2025-10-14 02:51:39.093638,21.87747627922595,67.95891907074878,225.63672400796275,60
2025-10-15 02:51:39.093638,26.301548810344308,72.61969725111359,274.5081567970519,58
2025-10-16 02:51:39.093638,24.158238494994787,72.59179622429204,253.65466970441855,59
2025-10-17 02:51:39.093638,23.55787922798504,75.7616121992165,204.4194659596697,52
2025-10-18 02:51:39.093638,26.777338357959902,78.55072548879932,245.97153727964954,42
2025-10-19 02:51:39.093638,23.347316717912168,79.02053878407291,254.30991648724475,65
2025-10-20 02:51:39.093638,22.01643246886752,72.0475141314157,274.32805233366804,55
2025-10-21 02:51:39.093638,21.798091463345266,74.37054808526828,288.2733400439167,60
2025-10-22 02:51:39.093638,26.20198507310891,76.8607648048454,211.11083512406455,97
2025-10-23 02:51:39.093638,22.508319077295017,74.44449906791078,217.91727019958537,29
2025-10-24 02:51:39.093638,28.658552473126466,83.96308213451968,205.16758579625906,83
2025-10-25 02:51:39.093638,21.06544162794462,78.61786764049941,236.49864947900954,48
2025-10-26 02:51:39.093638,28.703075651788,80.07218919910696,258.1065323263851,72
2025-10-27 02:51:39.093638,25.813562430974226,79.9451129878961,274.30438733197855,64
2025-10-28 02:51:39.093638,25.279943787783644,82.72901209218534,242.94625782456583,57
2025-10-29 02:51:39.093638,24.465827968174732,77.9956479237427,236.1415049112599,51
2025-10-30 02:51:39.093638,26.436663663011057,70.8331708677526,250.77336565158586,62
2025-10-31 02:51:39.093638,25.64625190363179,79.54038660804007,221.62144358776555,44
2025-11-01 02:51:39.093638,28.011634827548153,74.50753764513671,309.7882712897922,77
2025-11-02 02:51:39.093638,26.11735118305474,75.34130691774948,199.2698053852744,51
2025-11-03 02:51:39.093638,26.273694378871845,81.13390619027534,253.41040956405618,53
2025-11-04 02:51:39.093638,25.330366532461067,84.60876009622035,308.91585470002957,65
2025-11-05 02:51:39.093638,26.028479833166962,78.73646017694303,248.72195844327993,74
2025-11-06 02:51:39.093638,26.84300957374491,80.38446060439497,243.09781389763606,58
2025-11-07 02:51:39.093638,22.892333770762995,87.55893675085464,238.32728746098502,62
2025-11-08 02:51:39.093638,23.70176846166461,80.45650597425738,243.86113346790165,50
2025-11-09 02:51:39.093638,27.970315077642425,92.4632843832564,290.651074480956,84
2025-11-10 02:51:39.093638,26.911318734593966,82.48173640291921,183.2729444963509,66
2025-11-11 02:51:39.093638,26.287550044916852,71.04682514348345,295.7653912594162,82
2025-11-12 02:51:39.093638,26.778415801102316,83.81087083896803,207.147601129204,60
2025-11-13 02:51:39.093638,27.522819358217337,82.14049397901711,241.94100752287216,72
2025-11-14 02:51:39.093638,25.834295808860332,86.87096405723489,237.10781063740066,65
2025-11-15 02:51:39.093638,25.44339054919537,83.972508474148,267.6565980931216,78
